Animal,TagID, Last Import,Last Position (N),Last Postion (E),Ax,Ay,Az,Distance
Cat,10,18.03.19 14:32,"N: 35.166667, E: 33.366667",0.977539063,-0.237792969,0.352783203,20Km
Cat,1,18.03.19 14:32,"N: 35.166667, E: 33.366667",0.976806641,-0.239501953,0.350830078,23Km
Volture,12,18.03.19 14:32,"N: 35.166667, E: 33.366667",0.980224609,-0.233154297,0.354003906,123KM
Volture,12,18.03.19 14:32,"N: 35.166667, E: 33.366667",0.980224609,-0.233154297,0.354003906,123KM
Volture,12,18.03.19 14:32,"N: 35.166667, E: 33.366667",0.980224609,-0.233154297,0.354003906,123KM
Volture,12,18.03.19 14:32,"N: 35.166667, E: 33.366667",0.980224609,-0.233154297,0.354003906,123KM
Volture,12,18.03.19 14:32,"N: 35.166667, E: 33.366667",0.980224609,-0.233154297,0.354003906,123KM
Volture,12,18.03.19 14:32,"N: 35.166667, E: 33.366667",0.980224609,-0.233154297,0.354003906,123KM